{
  "metadata": {
    "checkpoint": "/workspace/models/RECTOR/models/best.pt",
    "checkpoint_hash": "c90d4457e4996d22",
    "eval_mode": "rector",
    "womd_version": "1.3.0",
    "val_dir": "/workspace/data/WOMD/datasets/waymo_open_dataset/motion_v_1_3_0/processed/augmented/scenario/validation_interactive",
    "num_val_shards": 150,
    "sample_count": 12800,
    "seed": 42,
    "epsilon": 0.001,
    "timestamp": "2026-03-18T18:11:22.734536",
    "elapsed_seconds": 128.32802081108093,
    "num_rules": 28,
    "proxy_rules": 24,
    "rules_without_proxies": [
      "L5.R2",
      "L5.R3",
      "L5.R4",
      "L5.R5"
    ],
    "oracle_label_samples": 12800,
    "fallback_oracle_samples": 0,
    "has_true_oracle_applicability": true,
    "applicability_mode": "learned"
  },
  "geometric_metrics": {
    "minADE_mean": 0.6840916154722799,
    "minADE_std": 0.7535155992391633,
    "minFDE_mean": 1.2695763144303873,
    "minFDE_std": 1.815203526853243,
    "miss_rate_pct": 18.5625
  },
  "selection_strategies": {
    "confidence": {
      "n_scenarios": 12800,
      "selADE_mean": 2.207675863636541,
      "selFDE_mean": 4.330051914405103,
      "Total_Viol_pct": 23.859375,
      "SL_Viol_pct": 21.8671875,
      "Safety_Viol_pct": 21.8671875,
      "Legal_Viol_pct": 0.0,
      "Road_Viol_pct": 0.0,
      "Comfort_Viol_pct": 2.8984375,
      "infeasible_selected_pct": 0.0,
      "tier_sum_pct": 24.765625
    },
    "weighted_sum": {
      "n_scenarios": 12800,
      "selADE_mean": 2.043361963295611,
      "selFDE_mean": 3.8134644772025057,
      "Total_Viol_pct": 15.031249999999998,
      "SL_Viol_pct": 13.148437499999998,
      "Safety_Viol_pct": 13.148437499999998,
      "Legal_Viol_pct": 0.0,
      "Road_Viol_pct": 0.0,
      "Comfort_Viol_pct": 2.0703125,
      "infeasible_selected_pct": 0.0,
      "tier_sum_pct": 15.218749999999998
    },
    "lexicographic": {
      "n_scenarios": 12800,
      "selADE_mean": 2.142556873235153,
      "selFDE_mean": 4.1508742221235115,
      "Total_Viol_pct": 15.031249999999998,
      "SL_Viol_pct": 13.148437499999998,
      "Safety_Viol_pct": 13.148437499999998,
      "Legal_Viol_pct": 0.0,
      "Road_Viol_pct": 0.0,
      "Comfort_Viol_pct": 2.0703125,
      "infeasible_selected_pct": 13.148437499999998,
      "tier_sum_pct": 15.218749999999998
    }
  },
  "selection_strategies_protB": {
    "confidence": {
      "protocol": "full-28, oracle applicability",
      "n_scenarios": 12800,
      "selADE_mean": 2.207675863636541,
      "selFDE_mean": 4.330051914405103,
      "Total_Viol_pct": 38.5625,
      "SL_Viol_pct": 26.703125,
      "Safety_Viol_pct": 25.937500000000004,
      "Legal_Viol_pct": 0.9609375,
      "Road_Viol_pct": 1.5390625,
      "Comfort_Viol_pct": 14.171875,
      "infeasible_selected_pct": 0.0
    },
    "weighted_sum": {
      "protocol": "full-28, oracle applicability",
      "n_scenarios": 12800,
      "selADE_mean": 2.1255073566033387,
      "selFDE_mean": 4.054344618265095,
      "Total_Viol_pct": 32.109375,
      "SL_Viol_pct": 20.6796875,
      "Safety_Viol_pct": 19.9375,
      "Legal_Viol_pct": 0.8750000000000001,
      "Road_Viol_pct": 1.515625,
      "Comfort_Viol_pct": 11.96875,
      "infeasible_selected_pct": 0.0
    },
    "lexicographic": {
      "protocol": "full-28, oracle applicability",
      "n_scenarios": 12800,
      "selADE_mean": 2.2080585002494626,
      "selFDE_mean": 4.318962508820896,
      "Total_Viol_pct": 32.109375,
      "SL_Viol_pct": 20.6796875,
      "Safety_Viol_pct": 19.9375,
      "Legal_Viol_pct": 0.8750000000000001,
      "Road_Viol_pct": 1.515625,
      "Comfort_Viol_pct": 11.96875,
      "infeasible_selected_pct": 19.9375
    }
  },
  "selection_strategies_cross_eval": {
    "confidence": {
      "protocol": "select with mode-specific applicability, evaluate under oracle (full-28)",
      "n_scenarios": 12800,
      "selADE_mean": 2.207675863636541,
      "selFDE_mean": 4.330051914405103,
      "Total_Viol_pct": 38.5625,
      "SL_Viol_pct": 26.703125,
      "Safety_Viol_pct": 25.937500000000004,
      "Legal_Viol_pct": 0.9609375,
      "Road_Viol_pct": 1.5390625,
      "Comfort_Viol_pct": 14.171875,
      "infeasible_selected_pct": 0.0
    },
    "weighted_sum": {
      "protocol": "select with mode-specific applicability, evaluate under oracle (full-28)",
      "n_scenarios": 12800,
      "selADE_mean": 2.043361963295611,
      "selFDE_mean": 3.8134644772025057,
      "Total_Viol_pct": 35.921875,
      "SL_Viol_pct": 23.453125,
      "Safety_Viol_pct": 22.6171875,
      "Legal_Viol_pct": 0.9921875,
      "Road_Viol_pct": 1.5546875,
      "Comfort_Viol_pct": 13.468749999999998,
      "infeasible_selected_pct": 0.0
    },
    "lexicographic": {
      "protocol": "select with mode-specific applicability, evaluate under oracle (full-28)",
      "n_scenarios": 12800,
      "selADE_mean": 2.142556873235153,
      "selFDE_mean": 4.1508742221235115,
      "Total_Viol_pct": 35.90625,
      "SL_Viol_pct": 23.46875,
      "Safety_Viol_pct": 22.65625,
      "Legal_Viol_pct": 0.96875,
      "Road_Viol_pct": 1.546875,
      "Comfort_Viol_pct": 13.625000000000002,
      "infeasible_selected_pct": 13.148437499999998
    }
  },
  "protocol_results": {
    "proxy-24_predicted": {
      "rule_set": "proxy-24",
      "applicability_source": "predicted",
      "n_scenarios": 12800,
      "Total_Viol_pct": 15.031249999999998,
      "SL_Viol_pct": 13.148437499999998,
      "Safety_Viol_pct": 13.148437499999998,
      "Legal_Viol_pct": 0.0,
      "Road_Viol_pct": 0.0,
      "Comfort_Viol_pct": 2.0703125,
      "infeasible_selected_pct": 13.148437499999998
    },
    "proxy-24_oracle": {
      "rule_set": "proxy-24",
      "applicability_source": "oracle",
      "n_scenarios": 12800,
      "Total_Viol_pct": 32.109375,
      "SL_Viol_pct": 20.6796875,
      "Safety_Viol_pct": 19.9375,
      "Legal_Viol_pct": 0.8750000000000001,
      "Road_Viol_pct": 1.515625,
      "Comfort_Viol_pct": 11.96875,
      "infeasible_selected_pct": 19.9375
    },
    "full-28_predicted": {
      "rule_set": "full-28",
      "applicability_source": "predicted",
      "n_scenarios": 12800,
      "Total_Viol_pct": 15.031249999999998,
      "SL_Viol_pct": 13.148437499999998,
      "Safety_Viol_pct": 13.148437499999998,
      "Legal_Viol_pct": 0.0,
      "Road_Viol_pct": 0.0,
      "Comfort_Viol_pct": 2.0703125,
      "infeasible_selected_pct": 13.148437499999998
    },
    "full-28_oracle": {
      "rule_set": "full-28",
      "applicability_source": "oracle",
      "n_scenarios": 12800,
      "Total_Viol_pct": 32.109375,
      "SL_Viol_pct": 20.6796875,
      "Safety_Viol_pct": 19.9375,
      "Legal_Viol_pct": 0.8750000000000001,
      "Road_Viol_pct": 1.515625,
      "Comfort_Viol_pct": 11.96875,
      "infeasible_selected_pct": 19.9375
    }
  },
  "statistical_tests": {
    "lexicographic_vs_confidence": {
      "n_scenarios": 12800,
      "mcnemar_safety": {
        "b_only": 0,
        "c_only": 1116,
        "n_discordant": 1116,
        "chi2_cc": 1114.0008960573477,
        "p_value": 2.991488342907691e-244,
        "method": "normal_approx_cc"
      },
      "mcnemar_total": {
        "b_only": 0,
        "c_only": 1130,
        "n_discordant": 1130,
        "chi2_cc": 1128.000884955752,
        "p_value": 2.71094819963408e-247,
        "method": "normal_approx_cc"
      },
      "wilcoxon_selADE": {
        "n_nonzero": 2032,
        "w_plus": 876312.0,
        "w_minus": 1189216.0,
        "z": 5.914590668849526,
        "p_value": 3.327019277435967e-09,
        "method": "normal_approx_tie_corrected"
      },
      "mean_selADE_delta_m": -0.06511899040138815
    },
    "lexicographic_vs_weighted_sum": {
      "n_scenarios": 12800,
      "mcnemar_safety": {
        "b_only": 0,
        "c_only": 0,
        "n_discordant": 0,
        "chi2_cc": 0.0,
        "p_value": 1.0,
        "method": "degenerate"
      },
      "mcnemar_total": {
        "b_only": 0,
        "c_only": 0,